"Date","RegionName","State","SizeRank","Zri","MoM","QoQ","YoY","ZriRecordCnt"
2019-11-30,"United States",,0,1600.22,0.0008,0.0052,0.0232,104842268
2019-11-30,"New York, NY","NY",1,2304.99,0.0018,0.0098,0.0275,5493121
2019-11-30,"Los Angeles-Long Beach-Anaheim, CA","CA",2,2637.13,0.0063,0.0106,0.0197,3233199
2019-11-30,"Chicago, IL","IL",3,1602.81,-0.0014,-0.006,0.0093,2947346
2019-11-30,"Dallas-Fort Worth, TX","TX",4,1467.4,0.0058,0.0165,0.0171,2356918
2019-11-30,"Philadelphia, PA","PA",5,1508.14,-0.0015,0.0093,0.0213,2110768
2019-11-30,"Houston, TX","TX",6,1389.04,0.0025,0.0068,-0.0067,2115119
2019-11-30,"Washington, DC","DC",7,1984.26,-0.0029,0.0084,0.023,2084112
2019-11-30,"Miami-Fort Lauderdale, FL","FL",8,1877.56,0.0031,0.013,0.0105,2737525
2019-11-30,"Atlanta, GA","GA",9,1476.1,0.0028,0.015,0.0366,2221853
2019-11-30,"Boston, MA","MA",10,2361.32,-0.0072,-0.0166,0.0218,1676537
2019-11-30,"San Francisco, CA","CA",11,3142.18,-0.0029,-0.0058,0.0098,1618320
2019-11-30,"Detroit, MI","MI",12,1206.13,-0.0111,0.0017,0.0079,1629144
2019-11-30,"Riverside, CA","CA",13,1917.93,0.0015,0.0047,0.0327,1352340
2019-11-30,"Phoenix, AZ","AZ",14,1468.86,0.0163,0.0403,0.0765,1674879
2019-11-30,"Seattle, WA","WA",15,2021.6,-0.0052,-0.0022,0.0186,1316793
2019-11-30,"Minneapolis-St Paul, MN","MN",16,1511.05,0.0008,0.0112,0.0177,1130390
2019-11-30,"San Diego, CA","CA",17,2542.44,0.0007,0.0104,0.0386,910516
2019-11-30,"St. Louis, MO","MO",18,1038.67,0.0084,0.0267,0.0457,1022260
2019-11-30,"Tampa, FL","FL",19,1430.68,0.0075,0.0246,0.0334,1230313
2019-11-30,"Baltimore, MD","MD",20,1614.48,0.0017,0.0054,0.0065,960891
2019-11-30,"Denver, CO","CO",21,1791.24,0.0007,0.0067,0.0205,1032696
2019-11-30,"Pittsburgh, PA","PA",22,1135.51,0.0185,0.0227,0.0331,751952
2019-11-30,"Portland, OR","OR",23,1709.98,0.0081,0.0335,0.0371,775301
2019-11-30,"Charlotte, NC","NC",24,1366.83,0.009,0.0296,0.0462,846907
2019-11-30,"Sacramento, CA","CA",25,1817.69,0.0009,0.016,0.0363,721144
2019-11-30,"San Antonio, TX","TX",26,1216.13,-0.0025,0.0024,-0.0021,764589
2019-11-30,"Orlando, FL","FL",27,1448.51,0.0052,0.0218,0.0285,912624
2019-11-30,"Cincinnati, OH","OH",28,1184.93,0.0083,0.0304,0.034,701348
2019-11-30,"Cleveland, OH","OH",29,1079.63,0.0011,0.0107,0.0137,787292
2019-11-30,"Kansas City, MO","MO",30,1136.71,0.0041,0.0137,0.0275,779680
2019-11-30,"Las Vegas, NV","NV",31,1360.1,0.0025,0.0229,0.0508,834679
2019-11-30,"Columbus, OH","OH",32,1182.39,-0.0017,-0.0002,-0.019,679713
2019-11-30,"Indianapolis, IN","IN",33,1113.8,-0.0007,0.0175,0.0276,722487
2019-11-30,"San Jose, CA","CA",34,3308.59,-0.0027,-0.0042,0.0035,518957
2019-11-30,"Austin, TX","TX",35,1627.66,0.0093,0.0221,0.0399,722021
2019-11-30,"Virginia Beach, VA","VA",36,1366.02,0.0062,0.0204,0.0167,640424
2019-11-30,"Nashville, TN","TN",37,1466.53,0.0047,0.015,0.0175,737244
2019-11-30,"Providence, RI","RI",38,1462.79,0.006,0.0226,0.0292,557441
2019-11-30,"Milwaukee, WI","WI",39,1104.87,0.0024,0.0137,0.0374,269148
2019-11-30,"Jacksonville, FL","FL",40,1373.24,0.0051,0.0181,0.0372,592088
2019-11-30,"Memphis, TN","TN",41,1056.47,-0.0034,0.0127,0.0301,454755
2019-11-30,"Oklahoma City, OK","OK",42,947.58,0.0025,0.0113,0.0116,486782
2019-11-30,"Louisville-Jefferson County, KY","KY",43,1107,0.0031,0.0201,0.0263,427510
2019-11-30,"Hartford, CT","CT",44,1343.98,0.001,0.0076,0.0022,640429
2019-11-30,"Richmond, VA","VA",45,1343.01,0.0035,0.0156,0.0181,486875
2019-11-30,"Buffalo, NY","NY",46,999.78,-0.0102,-0.0073,-0.0099,401848
2019-11-30,"Raleigh, NC","NC",47,1289.98,-0.0033,0.0055,0.0144,476560
2019-11-30,"Birmingham, AL","AL",48,1047,-0.0042,-0.0081,0.0168,402524
2019-11-30,"Salt Lake City, UT","UT",49,1505.72,-0.0033,0.0097,0.0256,394874
2019-11-30,"Rochester, NY","NY",50,1182.85,-0.0177,-0.0156,-0.0181,367869
2019-11-30,"Grand Rapids, MI","MI",51,1366.31,0.0148,0.0279,0.0529,282783
2019-11-30,"Tucson, AZ","AZ",52,1252.59,-0.0018,0.0172,0.0441,329786
2019-11-30,"Urban Honolulu, HI","HI",53,2324.26,-0.0038,-0.0104,-0.0063,313804
2019-11-30,"Tulsa, OK","OK",54,935.88,0.0043,0.0187,0.0246,345258
2019-11-30,"Fresno, CA","CA",55,1342.27,0.009,0.0288,0.05,243565
2019-11-30,"Worcester, MA","MA",56,1415.49,0.0003,0.0025,0.0179,340258
2019-11-30,"Stamford, CT","CT",57,2048.82,0.001,0.0141,0.0119,470780
2019-11-30,"Albuquerque, NM","NM",58,1157.86,-0.0026,0.02,0.0253,293640
2019-11-30,"Albany, NY","NY",59,1304.3,0.0009,-0.0001,-0.0084,296777
2019-11-30,"Omaha, NE","NE",60,1149.07,-0.006,-0.0152,-0.0288,275662
2019-11-30,"New Haven, CT","CT",61,1344.36,0.0041,0.0143,0.0018,377151
2019-11-30,"Bakersfield, CA","CA",62,1207.96,0.0012,0.0253,0.0418,239021
2019-11-30,"Knoxville, TN","TN",63,1185.48,0.0107,0.0277,0.0546,321961
2019-11-30,"Greenville, SC","SC",64,1148.36,0.0086,0.0325,0.049,252132
2019-11-30,"Ventura, CA","CA",65,2620.75,0.003,0.0082,0.0245,239683
2019-11-30,"Allentown, PA","PA",66,1327.14,0.0035,0.0213,0.025,313509
2019-11-30,"El Paso, TX","TX",67,946.12,0.0036,0.0106,-0.0139,244789
2019-11-30,"Baton Rouge, LA","LA",68,1181.71,-0.0085,-0.0119,-0.0282,90367
2019-11-30,"Dayton, OH","OH",69,960.72,-0.0037,0.0046,0.0562,294105
2019-11-30,"McAllen, TX","TX",70,832.78,0.002,0.0055,-0.018,203596
2019-11-30,"Columbia, SC","SC",71,1070.42,0.0014,0.0072,0.0209,257599
2019-11-30,"Greensboro, NC","NC",72,904.86,0.013,0.0266,0.0331,260768
2019-11-30,"Akron, OH","OH",73,1002.87,-0.0076,0.0051,0.0405,260602
2019-11-30,"North Port-Sarasota-Bradenton, FL","FL",74,1773.31,0.0062,0.0046,0.0084,416492
2019-11-30,"Little Rock, AR","AR",75,851.89,0.0078,0.0154,0.014,246280
2019-11-30,"Stockton, CA","CA",76,1663.99,0.0025,0.029,0.0506,204322
2019-11-30,"Charleston, SC","SC",77,1611.08,0.0016,0.0012,0.014,274045
2019-11-30,"Syracuse, NY","NY",78,1075.65,-0.0165,-0.0488,-0.0289,226458
2019-11-30,"Colorado Springs, CO","CO",79,1472.65,0.0039,0.0178,0.0304,275810
2019-11-30,"Winston-Salem, NC","NC",80,990.53,-0.0021,0.022,0.044,224225
2019-11-30,"Wichita, KS","KS",81,856.58,0.0016,0.0231,0.0007,233663
2019-11-30,"Springfield, MA","MA",82,1312.89,0.0056,0.0159,0.0209,197553
2019-11-30,"Fort Myers, FL","FL",83,1526.76,-0.0023,-0.0112,-0.0051,391119
2019-11-30,"Boise City, ID","ID",84,1387.21,0.0012,0.0272,0.079,266348
2019-11-30,"Toledo, OH","OH",85,936.89,0.0071,0.0209,0.0123,204123
2019-11-30,"Madison, WI","WI",86,1381.73,0.0039,0.0171,0.0131,115470
2019-11-30,"Lakeland, FL","FL",87,1248.24,0.0103,0.038,0.0486,229197
2019-11-30,"Ogden, UT","UT",88,1379.9,0.0042,0.0258,0.0424,208967
2019-11-30,"Daytona Beach, FL","FL",89,1464.11,0.0051,0.0186,0.0293,285325
2019-11-30,"Des Moines, IA","IA",90,1145.41,0.0074,0.0243,-0.0001,234036
2019-11-30,"Jackson, MS","MS",91,1060.96,0.0105,0.042,0.0386,176442
2019-11-30,"Youngstown, OH","OH",92,757,0.0165,0.0111,-0.0019,171053
2019-11-30,"Augusta, GA","GA",93,1046.21,0.0105,0.0586,0.01,199134
2019-11-30,"Scranton, PA","PA",94,989.54,0.014,0.0031,-0.0105,14072
2019-11-30,"Harrisburg, PA","PA",95,1166.37,0.0072,0.0043,0.0163,201484
2019-11-30,"Melbourne, FL","FL",96,1460.23,0.0026,0.0065,0.0196,268944
2019-11-30,"Chattanooga, TN","TN",97,1159.24,-0.0033,0.0075,0.0378,203026
2019-11-30,"Spokane, WA","WA",98,1256.83,0.0029,0.011,0.0386,192683
2019-11-30,"Provo, UT","UT",99,1302.31,-0.0045,0.0103,0.0123,163552
2019-11-30,"Lancaster, PA","PA",100,1189.55,-0.0041,0.0154,0.0079,187373
2019-11-30,"Modesto, CA","CA",101,1517.17,-0.0033,0.0061,0.0299,150969
2019-11-30,"Portland, ME","ME",102,1677.23,-0.0026,-0.0079,0.0269,210626
2019-11-30,"Durham, NC","NC",103,1321.76,0.0028,0.0081,0.0499,197826
2019-11-30,"Santa Rosa, CA","CA",104,2608.02,-0.0068,-0.0137,-0.0366,155930
2019-11-30,"Lexington, KY","KY",105,1072.56,-0.0019,0.0006,0.0329,152844
2019-11-30,"Lafayette, LA","LA",106,942.55,-0.0007,-0.0022,-0.0993,26352
2019-11-30,"Lansing, MI","MI",107,1018.42,0.0192,0.0254,0.0665,143994
2019-11-30,"Fayetteville, AR","AR",108,1051.03,-0.0013,0.0019,0.0396,165771
2019-11-30,"Pensacola, FL","FL",109,1280.16,0.0048,0.0335,0.0418,190008
2019-11-30,"Visalia, CA","CA",110,1182.38,0.0088,0.0179,0.0222,106074
2019-11-30,"Shreveport, LA","LA",111,908.83,-0.0086,-0.0375,-0.067,51182
2019-11-30,"Springfield, MO","MO",112,851.98,0.0287,0.049,0.061,171627
2019-11-30,"York, PA","PA",113,1170.86,-0.0023,0.0008,0.0206,154731
2019-11-30,"Corpus Christi, TX","TX",114,1328.87,-0.0035,0.0043,-0.0033,151207
2019-11-30,"Flint, MI","MI",115,922.69,0.0258,0.052,0.0098,149793
2019-11-30,"Reno, NV","NV",116,1674.45,0.0048,0.0229,0.0293,162909
2019-11-30,"Asheville, NC","NC",117,1422.33,0.0072,0.0201,0.0313,176150
2019-11-30,"Port St. Lucie, FL","FL",118,1634.76,0.0056,0.0185,0.0312,215272
2019-11-30,"Santa Maria-Santa Barbara, CA","CA",119,2917.09,0.0026,0.0291,0.047,105549
2019-11-30,"Huntsville, AL","AL",120,1073.15,0.0154,0.051,0.0918,164303
2019-11-30,"Fort Wayne, IN","IN",121,1013.03,0.0202,0.0409,0.0158,151879
2019-11-30,"Salinas, CA","CA",122,2635.68,0.0054,0.0293,0.0504,107376
2019-11-30,"Vallejo, CA","CA",123,2157.78,-0.0015,0.0085,0.05,134599
2019-11-30,"Mobile, AL","AL",124,893.41,-0.0006,0.0127,-0.0068,145789
2019-11-30,"Reading, PA","PA",125,1189.37,-0.0001,0.0155,-0.0109,137063
2019-11-30,"Brownsville, TX","TX",126,980.62,0.003,-0.0202,0.0277,121259
2019-11-30,"Killeen, TX","TX",127,918.44,0.0006,0.0257,0.0588,132319
2019-11-30,"Canton, OH","OH",128,845.43,0.0118,0.0405,0.0298,153061
2019-11-30,"Beaumont, TX","TX",129,1075.05,0.0048,0.0183,0.0315,130007
2019-11-30,"Manchester, NH","NH",130,1573,0.0116,0.0424,0.0474,148635
2019-11-30,"Salem, OR","OR",131,1464.5,0.0097,0.0303,0.0435,103952
2019-11-30,"Anchorage, AK","AK",132,1547.69,0.0028,0.0148,0.0058,144780
2019-11-30,"Davenport, IL","IL",133,886.66,-0.0054,-0.0056,-0.0297,133558
2019-11-30,"Peoria, IL","IL",134,845.35,-0.0042,0.0064,-0.0091,128769
2019-11-30,"Myrtle Beach, SC","SC",135,1317.61,0.0063,0.0312,0.0195,291384
2019-11-30,"Montgomery, AL","AL",136,869.22,0.0103,0.0314,0.0109,133172
2019-11-30,"Salisbury, MD","DE",137,1357.74,-0.0165,-0.0568,-0.0127,192485
2019-11-30,"Gulfport, MS","MS",138,1059.16,-0.0001,0.0067,0.0224,134693
2019-11-30,"Tallahassee, FL","FL",139,1079.55,-0.0081,0.0098,-0.0062,119215
2019-11-30,"Trenton, NJ","NJ",140,1661.54,-0.0003,0.0009,-0.0046,117833
2019-11-30,"Fayetteville, NC","NC",141,873.42,0.0043,0.0166,-0.0125,132969
2019-11-30,"Hickory, NC","NC",142,1041.08,-0.0074,-0.0014,0.0124,119290
2019-11-30,"Huntington, WV","WV",143,878.68,0.0061,0.0035,0.0038,118501
2019-11-30,"Eugene, OR","OR",144,1418.21,0.003,0.0119,0.0484,114499
2019-11-30,"Rockford, IL","IL",145,963.8,-0.0043,0.0154,0.0398,114301
2019-11-30,"Savannah, GA","GA",146,1296.67,-0.0052,0.0077,0.0289,141428
2019-11-30,"Ann Arbor, MI","MI",147,1557.36,-0.0083,-0.0466,-0.0502,110384
2019-11-30,"Ocala, FL","FL",148,1155.71,0.0135,0.0252,0.0421,144837
2019-11-30,"South Bend, IN","IN",149,957.86,-0.0031,-0.004,-0.0447,102773
2019-11-30,"Spartanburg, SC","SC",150,1014,0.0024,0.0199,0.0288,105375
2019-11-30,"Evansville, IN","IN",151,868.17,-0.0247,-0.0122,-0.0259,113700
2019-11-30,"Kingsport, TN","TN",152,909.86,-0.0249,-0.0074,0.0198,113397
2019-11-30,"Roanoke, VA","VA",153,1045.72,0.0219,0.012,-0.0186,120139
2019-11-30,"Lincoln, NE","NE",154,1052.18,0.0035,-0.003,-0.0012,104531
2019-11-30,"Fort Collins, CO","CO",155,1670.91,0.0082,0.0101,0.0214,133933
2019-11-30,"Utica, NY","NY",156,990.47,0.0261,0.0743,-0.0551,99357
2019-11-30,"Columbus, GA","GA",157,876.37,0.0119,0.0411,0.0368,96614
2019-11-30,"Boulder, CO","CO",158,1995.82,0.0129,0.0193,0.0158,124529
2019-11-30,"Lubbock, TX","TX",159,988,-0.0028,-0.0258,-0.022,96831
2019-11-30,"Erie, PA","PA",160,883.41,0.0126,0.0425,0.0033,83759
2019-11-30,"Fort Smith, AR","AR",161,736.8,0.0065,0.0069,-0.0434,62996
2019-11-30,"Duluth, MN","MN",162,1008.52,0.0171,0.0116,0.0168,76677
2019-11-30,"Atlantic City, NJ","NJ",163,1334.88,-0.0125,-0.042,-0.007,117598
2019-11-30,"New London, CT","CT",164,1313.76,0.0134,0.0311,0.0137,108745
2019-11-30,"San Luis Obispo, CA","CA",165,2405.03,-0.0001,-0.0209,0.004,85818
2019-11-30,"Gainesville, FL","FL",166,1193.97,0.0151,0.0377,0.0955,86004
2019-11-30,"Santa Cruz, CA","CA",167,3113.56,0.0072,0.0065,0.0055,76696
2019-11-30,"Clarksville, TN","TN",168,934.47,0.0168,0.0443,0.0282,93211
2019-11-30,"Cedar Rapids, IA","IA",169,913.55,-0.0085,0.0073,-0.0114,107193
2019-11-30,"Merced, CA","CA",170,1354.75,0.0004,0.0127,0.0302,68855
2019-11-30,"Wilmington, NC","NC",171,1440.3,-0.0002,-0.003,0.079,116929
2019-11-30,"Kennewick, WA","WA",172,1390.44,0.0081,0.0264,0.0529,84295
2019-11-30,"Greeley, CO","CO",173,1630.42,-0.0053,0.0182,0.0477,110829
2019-11-30,"Olympia, WA","WA",174,1620.29,0.0044,0.0173,0.0177,93155
2019-11-30,"Amarillo, TX","TX",175,827.17,0.0011,0.0143,-0.0439,88340
2019-11-30,"Binghamton, NY","NY",176,926.03,0.0016,0.0134,-0.0415,81237
2019-11-30,"Hagerstown, WV","MD",177,1116.15,0.0132,0.0251,0.0155,95327
2019-11-30,"Bremerton, WA","WA",178,1710.33,-0.0153,0.0077,0.0536,92291
2019-11-30,"Laredo, TX","TX",179,1055.19,-0.0006,-0.0144,-0.032,50760
2019-11-30,"Lynchburg, VA","VA",180,941.38,-0.0011,-0.0194,-0.0412,95711
2019-11-30,"Yakima, WA","WA",181,1186,-0.0045,-0.0091,-0.0001,68947
2019-11-30,"Crestview-Fort Walton Beach-Destin, FL","FL",182,1614.06,-0.0094,0.0113,0.0836,139631
2019-11-30,"Topeka, KS","KS",183,837.31,0.0014,0.0031,-0.0149,86802
2019-11-30,"Macon-Bibb County, GA","GA",184,894.22,0.0118,0.0164,0.0578,81845
2019-11-30,"Champaign-Urbana, IL","IL",185,1005.29,0.0097,0.0271,-0.0017,43373
2019-11-30,"Tuscaloosa, AL","AL",186,1125.8,-0.0083,0.0049,0.0133,65545
2019-11-30,"College Station, TX","TX",187,1141.31,0.0051,-0.0076,0.0027,71139
2019-11-30,"Sioux Falls, SD","SD",188,985.82,0.0022,0.0099,0.017,70688
2019-11-30,"Charleston, WV","WV",189,801.09,0.0157,-0.0013,-0.0314,79634
2019-11-30,"Chico, CA","CA",190,1601.25,-0.003,0.001,0.2098,56260
2019-11-30,"Charlottesville, VA","VA",191,1482.59,0.0018,0.0096,0.0069,87623
2019-11-30,"Claremont, NH","NH",192,1519.35,-0.0157,-0.0212,0.061,79198
2019-11-30,"Barnstable Town, MA","MA",193,1883.93,-0.0218,-0.0761,-0.0082,177064
2019-11-30,"Longview, TX","TX",194,1048.68,-0.0088,0.0171,0.0076,59877
2019-11-30,"Burlington, VT","VT",195,1923.73,0.0123,0.0723,0.0399,44748
2019-11-30,"Prescott, AZ","AZ",196,1478.96,0.0048,0.0115,0.0307,92736
2019-11-30,"Springfield, IL","IL",197,833.87,0.0087,0.0259,-0.0191,2999
2019-11-30,"Tyler, TX","TX",198,1097.91,0.0211,0.0108,0.025,75320
2019-11-30,"Las Cruces, NM","NM",199,985.68,0.0096,0.0226,0.0217,62409
2019-11-30,"Fargo, ND","ND",200,972.58,0.0188,0.0349,0.0167,43135
2019-11-30,"Houma, LA","LA",201,979.16,-0.0014,0.0239,-0.0105,17486
2019-11-30,"Rochester, MN","MN",202,1241.96,0.0167,0.0241,0.0028,83207
2019-11-30,"Florence, SC","SC",203,1077.52,0.0243,0.0014,-0.0093,55707
2019-11-30,"Medford, OR","OR",204,1493.2,0.0163,0.0263,0.0393,73279
2019-11-30,"Lafayette-West Lafayette, IN","IN",205,1064.46,0.0118,0.0687,0.0723,62919
2019-11-30,"Bellingham, WA","WA",206,1637.19,0.0106,0.0593,0.0832,76824
2019-11-30,"Lake Havasu City, AZ","AZ",207,1302.05,0.0128,0.0667,0.0869,49061
2019-11-30,"Saginaw, MI","MI",208,780.61,0.0265,0.0601,0.0595,68530
2019-11-30,"Johnson City, TN","TN",209,895.22,-0.0092,0.0002,0.028,73984
2019-11-30,"Elkhart, IN","IN",210,914.79,-0.0063,-0.01,-0.0183,60727
2019-11-30,"Yuma, AZ","AZ",211,935.82,-0.0014,0.0279,0.0276,50257
2019-11-30,"Racine, WI","WI",212,1206.3,0.0267,0.0515,0.0838,52655
2019-11-30,"Athens, GA","GA",213,1184.3,0.0091,0.0377,0.0307,71069
2019-11-30,"Torrington, CT","CT",214,1263.68,0.0013,0.0097,0.0025,101286
2019-11-30,"Hilton Head Island, SC","SC",215,1688.58,-0.0086,-0.0137,-0.0018,99686
2019-11-30,"Bloomington, IL","IL",216,758.03,-0.0055,-0.0017,-0.0668,24612
2019-11-30,"Hilo, HI","HI",217,1685.24,-0.0127,-0.0392,0.0149,89944
2019-11-30,"Kingston, NY","NY",218,1530.39,-0.0211,0.008,-0.0302,69843
2019-11-30,"Daphne, AL","AL",219,1380.79,-0.0073,0.0071,0.029,94893
2019-11-30,"Gainesville, GA","GA",220,1255.45,-0.0101,-0.0012,0.0062,70337
2019-11-30,"Warner Robins, GA","GA",221,950.21,-0.0043,0.0183,0.0373,67950
2019-11-30,"Blacksburg, VA","VA",222,1301.27,0.0149,0.0375,0.1076,36971
2019-11-30,"Jacksonville, NC","NC",223,1003.16,0.014,0.032,0.062,74846
2019-11-30,"Redding, CA","CA",224,1378.58,-0.008,-0.0333,0.044,52632
2019-11-30,"Monroe, LA","LA",225,904.32,-0.0125,-0.029,-0.0794,31691
2019-11-30,"Joplin, MO","MO",226,866.49,0.0094,0.0336,0.0557,65857
2019-11-30,"Terre Haute, IN","IN",227,798.05,0.0042,0.0383,-0.0001,59463
2019-11-30,"Muskegon, MI","MI",228,852.42,0.0036,0.0245,0.0217,54296
2019-11-30,"East Stroudsburg, PA","PA",229,1303.7,-0.0029,0.0087,0.0313,91925
2019-11-30,"Sioux City, IA","IA",230,932.77,-0.0187,-0.0311,0.0342,57497
2019-11-30,"Greenville, NC","NC",231,943.62,-0.003,-0.0029,0.03,54360
2019-11-30,"Waterloo, IA","IA",232,912.34,0.0087,0.0086,0.0036,66342
2019-11-30,"Oshkosh, WI","WI",233,925.9,0.0131,0.0569,0.0881,33931
2019-11-30,"Yuba City, CA","CA",234,1486.61,0.0136,0.0193,0.0917,47513
2019-11-30,"Abilene, TX","TX",235,986.21,0.0005,0.0023,-0.0064,56709
2019-11-30,"Columbia, MO","MO",236,929.24,-0.0041,0.0093,0.0057,57418
2019-11-30,"Dover, DE","DE",237,1267.62,0.0015,0.0121,0.0041,60708
2019-11-30,"Eau Claire, WI","WI",238,1033.6,0.0033,0.0095,0.0147,26426
2019-11-30,"Janesville, WI","WI",239,918.86,0.0218,0.0004,-0.003,25946
2019-11-30,"Jackson, MI","MI",240,867.34,-0.003,0.0037,0.0094,16967
2019-11-30,"Punta Gorda, FL","FL",241,1549.43,0.0113,0.019,-0.023,103024
2019-11-30,"Bloomington, IN","IN",242,1279.73,0.0267,0.032,0.0425,52032
2019-11-30,"Pueblo, CO","CO",243,1095.06,0.006,0.0179,0.0052,59914
2019-11-30,"Billings, MT","MT",244,1159.44,0.001,0.0038,-0.0148,58912
2019-11-30,"Bowling Green, KY","KY",245,988.12,-0.0128,-0.0168,-0.0172,46741
2019-11-30,"Bend, OR","OR",246,1817.62,0.0167,0.0467,0.0649,91158
2019-11-30,"Albany, GA","GA",247,752.74,-0.0055,0.0097,0.0064,50553
2019-11-30,"Vineland, NJ","NJ",248,1226.96,0.0002,0.0058,0.0128,45259
2019-11-30,"Niles, MI","MI",249,1203.25,-0.0204,0.0068,0.0447,53620
2019-11-30,"Kahului, HI","HI",250,2658.03,-0.0027,-0.056,-0.0509,63012
2019-11-30,"Ottawa, IL","IL",251,964.02,0.0045,0.0164,0.0308,37035
2019-11-30,"Bangor, ME","ME",252,1201.55,-0.0107,-0.0441,0.02,33937
2019-11-30,"Alexandria, LA","LA",253,920.16,0.0222,0.0472,0.0312,27671
2019-11-30,"Decatur, AL","AL",254,823.05,0.0066,0.0297,-0.0268,49532
2019-11-30,"Hanford, CA","CA",255,1281.67,0.0207,0.0336,0.0413,34340
2019-11-30,"Iowa City, IA","IA",256,1099.01,0.0017,0.0055,-0.0122,67082
2019-11-30,"Rocky Mount, NC","NC",257,697.05,-0.0245,0.0176,0.0011,47534
2019-11-30,"Wichita Falls, TX","TX",258,816.13,0.0046,0.0111,-0.0065,48093
2019-11-30,"Burlington, NC","NC",259,980.07,0.0114,0.0202,0.0193,53264
2019-11-30,"Madera, CA","CA",260,1343.52,0.0093,0.0349,0.0517,39985
2019-11-30,"Jefferson City, MO","MO",261,764.01,0.0046,0.0149,0.0034,53256
2019-11-30,"Chambersburg, PA","PA",262,931.73,-0.0002,-0.0172,-0.0396,41430
2019-11-30,"Texarkana, TX","TX",263,870.52,0.0202,0.041,0.0028,32962
2019-11-30,"Elizabethtown, KY","KY",264,826.03,-0.0032,-0.0006,-0.0086,43816
2019-11-30,"Pottsville, PA","PA",265,801.8,0.0002,0.0517,0.0521,58776
2019-11-30,"Wheeling, OH","OH",266,957.09,0.0123,-0.0258,-0.0418,52010
2019-11-30,"Florence, AL","AL",267,860.33,0.0183,0.0322,0.0149,53714
2019-11-30,"Grand Junction, CO","CO",268,1247.99,0.0089,0.0226,0.0443,58935
2019-11-30,"Concord, NH","NH",269,1500.38,-0.0285,0.0112,0.0261,55772
2019-11-30,"Dothan, AL","AL",270,875.34,0.002,0.0125,-0.0426,53691
2019-11-30,"Santa Fe, NM","NM",271,1912.32,0.0005,0.0236,0.0615,56643
2019-11-30,"Johnstown, PA","PA",272,644.5,0.0156,0.0236,-0.0062,34623
2019-11-30,"Traverse City, MI","MI",273,1368.66,0.0092,0.0218,-0.0033,52068
2019-11-30,"Hattiesburg, MS","MS",274,927.78,-0.0142,-0.0077,-0.0321,45910
2019-11-30,"Midland, TX","TX",275,1832.83,-0.0247,-0.0802,-0.0779,48762
2019-11-30,"Homosassa Springs, FL","FL",276,1155.31,0.0005,0.0228,0.0572,66271
2019-11-30,"Auburn, AL","AL",277,1158.38,0.0176,0.0304,0.0253,55934
2019-11-30,"Valdosta, GA","GA",278,895.15,0.004,0.0182,0.0199,43088
2019-11-30,"Coeur d'Alene, ID","ID",279,1544.02,0.0126,0.0651,0.0875,71150
2019-11-30,"Springfield, OH","OH",280,796.44,0.016,0.0578,0.0587,48986
2019-11-30,"St. George, UT","UT",281,1486.34,0.0044,0.0274,0.0027,73225
2019-11-30,"Vero Beach, FL","FL",282,1569.63,0.0039,0.0056,0.0289,78969
2019-11-30,"Napa, CA","CA",283,2902,-0.0029,0.01,0.0148,42429
2019-11-30,"Tupelo, MS","MS",284,953.41,-0.0015,0.0092,-0.0373,3760
2019-11-30,"Battle Creek, MI","MI",285,872.81,-0.0108,-0.0102,0.0122,4796
2019-11-30,"Jamestown, NY","NY",286,810.14,-0.0042,-0.0152,-0.0196,51656
2019-11-30,"Eureka, CA","CA",287,1501.14,0.0042,-0.0101,0.0261,14638
2019-11-30,"Rapid City, SD","SD",288,1071.47,0.01,0.0085,-0.0064,48801
2019-11-30,"Lumberton, NC","NC",289,785.55,0.0115,0.0336,0.0423,25636
2019-11-30,"Wausau, WI","WI",290,838.22,-0.0203,-0.038,0.0678,14976
2019-11-30,"La Crosse, WI","WI",291,1135.68,-0.009,-0.0033,-0.0728,23651
2019-11-30,"Lebanon, PA","PA",292,1058.56,-0.0119,0.0219,0.0399,48926
2019-11-30,"Idaho Falls, ID","ID",293,1098.13,0.0064,0.0496,0.082,48047
2019-11-30,"Sierra Vista, AZ","AZ",294,901.65,-0.0198,0.0253,0.028,40824
2019-11-30,"Pittsfield, MA","MA",295,1229.84,-0.014,-0.027,0.0008,55668
2019-11-30,"Lawton, OK","OK",296,736.6,0.0065,0.0158,-0.0216,43110
2019-11-30,"Farmington, NM","NM",297,979.21,-0.0007,-0.0023,-0.0335,28733
2019-11-30,"Jackson, TN","TN",298,901.69,0.0082,0.026,0.0208,46273
2019-11-30,"Morgantown, WV","WV",299,1160.11,0.0061,0.0432,0.0467,46339
2019-11-30,"Glens Falls, NY","NY",300,1229.58,-0.0181,-0.0124,-0.1447,55359
2019-11-30,"Winchester, VA","VA",301,1188.23,-0.0156,-0.001,-0.0092,54976
2019-11-30,"St. Joseph, MO","MO",302,786.55,-0.0259,0.0024,0.0086,45941
2019-11-30,"Altoona, PA","PA",303,759.32,0.0238,0.0621,0.0045,4339
2019-11-30,"New Bern, NC","NC",304,982.89,-0.0045,-0.0255,0.0064,48643
2019-11-30,"Carbondale, IL","IL",305,727.74,0.0163,0.0119,-0.0148,42231
2019-11-30,"London, KY","KY",306,853.76,0.0032,0.0257,0.0111,29220
2019-11-30,"Logan, ID","UT",307,1089.87,0.0083,0.0795,0.0383,45794
2019-11-30,"Harrisonburg, VA","VA",308,1159.27,0.0106,0.0367,0.0572,40204
2019-11-30,"Beckley, WV","WV",309,820.23,0.0136,0.0163,0.0465,45743
2019-11-30,"Weirton, OH","OH",310,758.8,-0.0049,0.0105,0.0824,39687
2019-11-30,"Goldsboro, NC","NC",311,1021.15,0.0164,0.0032,-0.0529,37178
2019-11-30,"Augusta, ME","ME",312,1016.41,-0.0091,-0.0347,0.0164,36553
2019-11-30,"Hammond, LA","LA",313,1024.89,-0.0202,-0.0239,0.0234,38935
2019-11-30,"Jonesboro, AR","AR",314,809.9,0.0151,0.0202,-0.0151,13367
2019-11-30,"Sherman, TX","TX",315,1160.66,0.0142,0.0045,0.0057,47645
2019-11-30,"Anniston, AL","AL",316,765.99,-0.0037,0.0433,-0.0092,41611
2019-11-30,"Staunton, VA","VA",317,1160.52,0.007,0.009,0.0448,45405
2019-11-30,"Mount Vernon, WA","WA",318,1724.31,0.0086,0.0288,0.0427,43701
2019-11-30,"Albany, OR","OR",319,1363.74,-0.0003,0.0517,0.0512,34721
2019-11-30,"Watertown, NY","NY",320,1132.3,0.0152,0.0226,-0.0092,38013
2019-11-30,"Williamsport, PA","PA",321,895.2,0.0166,0.0459,0.0479,36577
2019-11-30,"Cleveland, TN","TN",322,965.84,0.0066,0.0402,0.0415,41851
2019-11-30,"Sheboygan, WI","WI",323,914.03,-0.0209,-0.0749,-0.2174,20332
2019-11-30,"Owensboro, KY","KY",324,847.96,0.0278,0.0367,0.003,40723
2019-11-30,"Dunn, NC","NC",325,1061.89,-0.0019,0.0042,-0.0613,44297
2019-11-30,"Wooster, OH","OH",326,865.15,-0.0052,0.0272,0.0514,35923
2019-11-30,"Morristown, TN","TN",327,1080.35,0.01,0.0913,0.1079,42921
2019-11-30,"Brunswick, GA","GA",328,1436.91,0.0023,-0.0158,-0.0405,50959
2019-11-30,"San Angelo, TX","TX",329,1032.15,-0.024,-0.0648,-0.0527,40091
2019-11-30,"Holland, MI","MI",330,1102.5,0.0026,0.0545,0.0937,38584
2019-11-30,"Wenatchee, WA","WA",331,1545.27,-0.0063,-0.0001,0.0104,39637
2019-11-30,"Lawrence, KS","KS",332,1063.66,0.0137,-0.0007,-0.0419,40136
2019-11-30,"Decatur, IL","IL",333,791.63,-0.0146,0.0036,-0.013,33871
2019-11-30,"Missoula, MT","MT",334,1335.49,0.0161,0.0521,0.059,37663
2019-11-30,"Lewiston, ME","ME",335,1125.87,0.0295,0.0455,0.0139,32433
2019-11-30,"Sumter, SC","SC",336,890.75,0.0005,0.0182,0.021,33828
2019-11-30,"Show Low, AZ","AZ",337,1162.65,-0.0029,0.0163,-0.0223,34579
2019-11-30,"Bluefield, WV","WV",338,797.98,0.0015,0.0185,0.0158,35719
2019-11-30,"Lima, OH","OH",339,890.6,0.019,0.0585,0.0875,35482
2019-11-30,"Cookeville, TN","TN",340,963.23,0.0095,0.0272,0.0533,37929
2019-11-30,"California-Lexington Park, MD","MD",341,1469.05,0.0019,0.0101,-0.015,38498
2019-11-30,"Gadsden, AL","AL",342,686.23,-0.0043,-0.0287,-0.0469,36916
2019-11-30,"Cumberland, MD","MD",343,801.06,0.0158,0.0249,0.0307,38348
2019-11-30,"Longview, WA","WA",344,1143.45,-0.0231,-0.0344,-0.0133,33937
2019-11-30,"Whitewater, WI","WI",345,1318.84,-0.0032,-0.0035,0.0463,4431
2019-11-30,"Ithaca, NY","NY",346,1448.79,-0.0068,-0.031,-0.0323,24407
2019-11-30,"Ashtabula, OH","OH",347,838.48,0.0279,0.0807,0.0477,38068
2019-11-30,"Gettysburg, PA","PA",348,1174.82,0.0184,0.0022,-0.0365,39509
2019-11-30,"Pine Bluff, AR","AR",349,743.01,0.0191,0.0702,0.0219,29597
2019-11-30,"Tullahoma, TN","TN",350,1074.33,0.01,0.0463,0.0339,38160
2019-11-30,"Adrian, MI","MI",351,864.83,-0.0078,-0.0159,-0.0397,34621
2019-11-30,"Twin Falls, ID","ID",352,1104.23,0.009,0.0267,0.0177,36664
2019-11-30,"Sebring, FL","FL",353,1052.8,0.0084,0.0352,0.0068,40619
2019-11-30,"Truckee, CA","CA",354,1922.78,-0.0114,0.0048,0.0052,88401
2019-11-30,"Paducah, KY","KY",355,880.62,-0.0117,0.0055,-0.0577,23226
2019-11-30,"Grand Forks, ND","ND",356,931.9,-0.0009,0.0296,0.0295,31204
2019-11-30,"Fairbanks, AK","AK",357,1486.37,-0.0099,-0.0116,-0.0019,32558
2019-11-30,"Rome, GA","GA",358,878.56,-0.0091,-0.0322,0.0285,34425
2019-11-30,"Cape Girardeau, MO","MO",359,856.3,0.0063,0.0378,0.0291,30373
2019-11-30,"Hot Springs, AR","AR",360,917.28,-0.0039,0.0007,0.0241,46372
2019-11-30,"Greenwood, SC","SC",361,895.92,0.0014,0.0289,0.1351,31929
2019-11-30,"Clarksburg, WV","WV",362,932.26,-0.0117,-0.0399,-0.0184,36066
2019-11-30,"Victoria, TX","TX",363,1247.78,-0.0102,-0.021,-0.0317,29747
2019-11-30,"Talladega, AL","AL",364,867.33,0.0188,0.0608,0.0011,25803
2019-11-30,"Dubuque, IA","IA",365,934.27,-0.0176,-0.0307,-0.0564,34486
2019-11-30,"The Villages, FL","FL",366,1607.93,0.0243,0.0142,-0.0111,63429
2019-11-30,"Albertville, AL","AL",367,905.58,-0.0128,-0.0047,0.0655,31147
2019-11-30,"Manhattan, KS","KS",368,1028.47,0.027,0.0075,0.002,30864
2019-11-30,"Parkersburg, WV","WV",369,853.08,0.0061,-0.0334,0.0403,34036
2019-11-30,"New Philadelphia, OH","OH",370,843.56,0.0039,0.0154,0.018,33279
2019-11-30,"Cheyenne, WY","WY",371,1252.39,0.0155,0.0503,0.1044,35204
2019-11-30,"New Castle, PA","PA",372,701.45,-0.0146,-0.0124,-0.0238,35020
2019-11-30,"Kalispell, MT","MT",373,1502.83,0.0042,-0.0057,-0.0137,44812
2019-11-30,"Sevierville, TN","TN",374,1201.37,0.0177,-0.0123,-0.0289,50989
2019-11-30,"Moses Lake, WA","WA",375,1124.18,-0.0026,0.0302,0.0504,21875
2019-11-30,"Indiana, PA","PA",376,793.76,0.0179,0.002,0.0067,27071
2019-11-30,"Elmira, NY","NY",377,884.66,-0.0133,0.0108,-0.0774,29793
2019-11-30,"Beaver Dam, WI","WI",378,927.24,-0.0042,-0.0171,0.0788,1405
2019-11-30,"Pinehurst-Southern Pines, NC","NC",379,1292.02,0.0008,-0.0044,-0.0116,44427
2019-11-30,"Ukiah, CA","CA",380,1793.12,0.0258,0.0837,0.1638,1838
2019-11-30,"Lufkin, TX","TX",381,975.42,-0.0247,-0.0395,-0.036,25365
2019-11-30,"Zanesville, OH","OH",382,806.35,0.0093,0.0199,-0.0185,29106
2019-11-30,"Corvallis, OR","OR",383,1683.96,-0.016,-0.0038,-0.0073,25868
2019-11-30,"Bloomsburg, PA","PA",384,974.31,0.0022,0.0042,-0.0768,22808
2019-11-30,"Laurel, MS","MS",385,801.86,-0.0031,-0.0058,-0.0973,6564
2019-11-30,"Russellville, AR","AR",386,850.44,0.019,0.0468,0.0033,19035
2019-11-30,"Branson, MO","MO",387,891.77,0.0079,-0.0506,-0.0206,47941
2019-11-30,"Midland, MI","MI",388,1039.3,-0.0097,-0.0043,0.0543,18736
2019-11-30,"Pocatello, ID","ID",389,835.63,0.0128,0.0226,0.0121,27723
2019-11-30,"Kokomo, IN","IN",390,780.4,0.0093,0.0327,0.0269,32331
2019-11-30,"Grants Pass, OR","OR",391,1457.41,0.0212,0.0542,0.0838,30133
2019-11-30,"Huntsville, TX","TX",392,1060.26,0.0067,0.0181,-0.0286,16768
2019-11-30,"Plattsburgh, NY","NY",393,1641.57,-0.0127,0.0148,-0.0223,25396
2019-11-30,"Grand Island, NE","NE",394,990.01,-0.011,-0.0204,-0.0401,27944
2019-11-30,"Danville, IL","IL",395,560.5,-0.0071,-0.0348,-0.122,1392
2019-11-30,"Manitowoc, WI","WI",396,713.11,-0.0219,-0.0647,-0.0088,21273
2019-11-30,"Great Falls, MT","MT",397,1096.41,0.007,-0.0011,0.0628,27306
2019-11-30,"Auburn, NY","NY",398,958.26,0.0194,0.0219,-0.0055,26878
2019-11-30,"Portsmouth, OH","OH",399,889.22,0.0161,0.0017,0.0101,24153
2019-11-30,"Oak Harbor, WA","WA",400,1681.87,0.0032,0.0192,0.0464,35101
2019-11-30,"Hinesville, GA","GA",401,976.45,0.0133,0.0345,0.0089,29483
2019-11-30,"Somerset, PA","PA",402,755.5,0.0224,0.016,0.0368,27624
2019-11-30,"Warsaw, IN","IN",403,1172.05,-0.0227,-0.0035,0.0646,31413
2019-11-30,"Stillwater, OK","OK",404,855.45,-0.0045,-0.0319,-0.0274,23846
2019-11-30,"Quincy, IL","IL",405,848.35,0.0112,0.0732,0.0073,3399
2019-11-30,"Keene, NH","NH",406,1391.11,0.0228,0.0114,-0.0281,29020
2019-11-30,"Sandusky, OH","OH",407,1017.92,-0.0002,0.0296,0.0512,28268
2019-11-30,"Searcy, AR","AR",408,754.66,0.0219,0.0731,0.1751,24783
2019-11-30,"Columbus, IN","IN",409,1102.02,-0.0097,0.0068,-0.0137,29318
2019-11-30,"Centralia, WA","WA",410,1170.27,0.0055,0.0241,0.0729,22115
2019-11-30,"Helena, MT","MT",411,1246.83,0.0164,0.0468,0.0024,31051
2019-11-30,"Wisconsin Rapids-Marshfield, WI","WI",412,760.69,0.0063,0.0072,0.05,1378
2019-11-30,"Palatka, FL","FL",413,915.74,0.0006,-0.0098,-0.0135,19185
2019-11-30,"Seneca, SC","SC",414,1067.27,0.0058,0.0531,0.043,28293
2019-11-30,"Mount Airy, NC","NC",415,1121.28,-0.017,0.0058,0.0284,22947
2019-11-30,"Key West, FL","FL",416,3136.21,0.0074,0.0213,-0.0403,46600
2019-11-30,"Aberdeen, WA","WA",417,1187.88,0.0104,0.0848,0.1075,31395
2019-11-30,"Port Angeles, WA","WA",418,1515.52,-0.0022,0.0347,0.0427,30606
2019-11-30,"Fort Payne, AL","AL",419,830.22,-0.0145,0.015,-0.0151,19104
2019-11-30,"Muskogee, OK","OK",420,624.63,0.0142,0.0341,-0.083,20824
2019-11-30,"Frankfort, KY","KY",421,874.67,0.0064,0.0278,-0.0022,16689
2019-11-30,"Owosso, MI","MI",422,785.25,-0.0157,0.0267,-0.0587,6692
2019-11-30,"Mount Pleasant, MI","MI",423,736.92,-0.0095,-0.0348,-0.064,6511
2019-11-30,"Statesboro, GA","GA",424,882.07,0.0015,-0.0145,-0.0521,22982
2019-11-30,"Marion, IN","IN",425,685.48,0.0024,0.0123,-0.1229,23995
2019-11-30,"Stevens Point, WI","WI",426,802.25,0.0007,0.0152,-0.0744,7581
2019-11-30,"Minot, ND","ND",427,909.18,-0.0124,0.0155,-0.052,3888
2019-11-30,"Shawnee, OK","OK",428,826.48,0.0072,0.0203,0.0159,23130
2019-11-30,"Richmond, IN","IN",429,826.73,0.0096,0.0439,0.0835,24907
2019-11-30,"Greeneville, TN","TN",430,797.25,-0.0015,0.0186,0.019,26290
2019-11-30,"Forest City, NC","NC",431,1133.73,0.009,0.0086,-0.018,32768
2019-11-30,"Lake City, FL","FL",432,1131.44,0.0123,0.0337,0.0548,16691
2019-11-30,"LaGrange, GA","GA",433,969,0.0189,0.0672,0.1077,25439
2019-11-30,"Marion, OH","OH",434,897.58,-0.0102,0.0087,0.017,24612
2019-11-30,"Morehead City, NC","NC",435,1332.33,-0.0108,-0.0285,0.0428,45265
2019-11-30,"Marinette, WI","WI",436,903.27,0.0061,-0.0108,-0.0072,2806
2019-11-30,"Marshall, TX","TX",437,937.65,0.0138,-0.0269,-0.0123,23227
2019-11-30,"Farmington, MO","MO",438,752.68,-0.0004,-0.0332,-0.0675,23338
2019-11-30,"Athens, OH","OH",439,716.77,-0.0028,-0.0606,-0.0911,11868
2019-11-30,"Clearlake, CA","CA",440,1419.05,-0.0023,0.013,-0.0002,30277
2019-11-30,"Nacogdoches, TX","TX",441,960.55,0.022,0.0412,-0.0274,5110
2019-11-30,"Hutchinson, KS","KS",442,795.97,0.025,-0.0022,-0.0051,23715
2019-11-30,"Faribault, MN","MN",443,1243.42,0.0123,0.0574,-0.0012,21043
2019-11-30,"Elizabeth City, NC","NC",444,1017.11,0.0028,0.045,0.0101,25581
2019-11-30,"Ionia, MI","MI",445,887.74,0.0289,0.0804,-0.1309,13415
2019-11-30,"Red Bluff, CA","CA",446,1260.11,-0.0146,-0.0028,0.0963,19134
2019-11-30,"Somerset, KY","KY",447,736.23,-0.0033,-0.0309,-0.1236,22751
2019-11-30,"Walla Walla, WA","WA",448,1296.89,-0.0245,-0.0053,0.0874,20131
2019-11-30,"Fort Madison, IA","IA",449,818.16,0.0045,0.003,-0.0281,14041
2019-11-30,"Baraboo, WI","WI",450,906.07,0.0084,-0.0245,-0.0156,2446
2019-11-30,"Salina, KS","KS",451,814.26,0.0064,0.0111,-0.0239,22441
2019-11-30,"Big Stone Gap, VA","VA",452,976.02,-0.0161,-0.0373,-0.0236,11907
2019-11-30,"Sturgis, MI","MI",453,974.2,0.0018,0.0033,0.0319,14174
2019-11-30,"Rio Grande City, TX","TX",454,1131.45,-0.0178,0.0159,-0.0527,7123
2019-11-30,"Fremont, OH","OH",455,980.2,-0.0068,-0.0015,0.0297,21955
2019-11-30,"Mount Vernon, OH","OH",456,931.45,-0.0106,-0.0029,0.0182,22956
2019-11-30,"Lewiston, ID","ID",457,1293.21,0.0203,0.0367,0.0688,21510
2019-11-30,"Shelton, WA","WA",458,1383.85,0.003,0.015,0.0529,21766
2019-11-30,"Albemarle, NC","NC",459,944.67,-0.0073,-0.0002,0.0694,23486
2019-11-30,"Enid, OK","OK",460,848.95,0.0046,0.0046,-0.0359,23558
2019-11-30,"Jefferson, GA","GA",461,1322.03,-0.0044,0.0112,0.0306,28809
2019-11-30,"Georgetown, SC","SC",462,1410.06,-0.0188,-0.027,-0.0844,24775
2019-11-30,"Batavia, NY","NY",463,1316.66,-0.0162,-0.0385,-0.0294,19575
2019-11-30,"Columbus, MS","MS",464,898.65,0.0102,0.0154,-0.0599,2511
2019-11-30,"Dublin, GA","GA",465,935.67,-0.0044,-0.0364,0.1112,17653
2019-11-30,"Point Pleasant, WV","WV",466,861.92,0.0006,-0.004,-0.0085,18508
2019-11-30,"Fergus Falls, MN","MN",467,889.91,0.0094,-0.0078,0.0331,31926
2019-11-30,"Tiffin, OH","OH",468,892.74,-0.0104,-0.0055,0.034,21230
2019-11-30,"Crossville, TN","TN",469,1133.41,0.0169,0.0793,0.1145,23905
2019-11-30,"Picayune, MS","MS",470,905.69,-0.0063,0.0095,-0.0212,21026
2019-11-30,"Sonora, CA","CA",471,1444.78,-0.0085,0.0129,-0.0111,47670
2019-11-30,"Gaffney, SC","SC",472,825.87,0.0129,-0.0641,-0.2059,12325
2019-11-30,"Calhoun, GA","GA",473,1133.66,0.0083,-0.0025,0.0408,20244
2019-11-30,"Milledgeville, GA","GA",474,920.75,0.0121,0.047,0.0177,18891
2019-11-30,"Waycross, GA","GA",475,995.6,0.0036,0.0021,0.0828,19010
2019-11-30,"Jasper, IN","IN",476,818.74,-0.0213,-0.0532,-0.0671,21323
2019-11-30,"Eagle Pass, TX","TX",477,972.34,-0.0246,-0.043,-0.1265,9855
2019-11-30,"Carlsbad, NM","NM",478,1818.52,0.025,0.044,0.1436,1949
2019-11-30,"Rochelle, IL","IL",479,1245.55,-0.0046,0.0668,0.0504,14134
2019-11-30,"Scottsboro, AL","AL",480,923.77,0.0115,0.0176,0.0033,16761
2019-11-30,"Danville, KY","KY",481,927.65,0.0072,0.0163,0.0115,9058
2019-11-30,"Ashland, OH","OH",482,699.94,0.0223,0.0486,0.0298,20361
2019-11-30,"Galesburg, IL","IL",483,967.12,-0.0007,0.0057,0.0226,20425
2019-11-30,"Warrensburg, MO","MO",484,832.89,0.0062,-0.0419,-0.0073,17134
2019-11-30,"Kearney, NE","NE",485,1198.3,0.0182,0.0068,0.0685,18202
2019-11-30,"Fort Leonard Wood, MO","MO",486,871.02,0.0023,0.0436,0.027,13383
2019-11-30,"Edwards, CO","CO",487,3377.25,0.0083,0.004,0.0704,33493
2019-11-30,"Fernley, NV","NV",488,1536.19,0.0128,0.0459,0.0485,18112
2019-11-30,"Mason City, IA","IA",489,786.77,0.0104,0.0099,0.0417,18907
2019-11-30,"Malone, NY","NY",490,1467.3,-0.0228,-0.0214,-0.0095,15649
2019-11-30,"Winona, MN","MN",491,872.36,-0.0054,-0.0034,-0.0004,17041
2019-11-30,"Durango, CO","CO",492,1656.46,-0.0014,-0.0061,0.0018,25270
2019-11-30,"Boone, NC","NC",493,1339.19,-0.0262,0.0064,0.0861,30627
2019-11-30,"Bartlesville, OK","OK",494,908.69,0.0097,0.0682,0.1119,19950
2019-11-30,"Jacksonville, TX","TX",495,1260.49,0.003,0.0171,0.0114,9103
2019-11-30,"Elko, NV","NV",496,1253.6,-0.0034,0.0159,0.0375,12706
2019-11-30,"Rexburg, ID","ID",497,1045.98,-0.0026,0.0392,0.0306,16103
2019-11-30,"St. Marys, GA","GA",498,1083.1,-0.0085,-0.0249,0.0219,22711
2019-11-30,"Ozark, AL","AL",499,805.76,-0.0011,-0.0157,-0.075,15559
2019-11-30,"Amsterdam, NY","NY",500,870.91,0.0098,-0.001,-0.1426,17004
2019-11-30,"Enterprise, AL","AL",501,950,0.0006,0.0487,0.0252,20844
2019-11-30,"Paris, TX","TX",502,829.01,-0.0094,-0.0243,-0.176,8481
2019-11-30,"Kerrville, TX","TX",503,1333.61,0.0011,0.0326,-0.065,13778
2019-11-30,"New Castle, IN","IN",504,721.03,0.0179,-0.0013,-0.012,18938
2019-11-30,"Sidney, OH","OH",505,807.81,-0.0227,-0.0942,-0.0889,14298
2019-11-30,"Cortland, NY","NY",506,1013.68,-0.0162,-0.0245,0.0589,14704
2019-11-30,"Clinton, IA","IA",507,695.61,-0.0019,0.0213,-0.0311,9159
2019-11-30,"Del Rio, TX","TX",508,1103.66,-0.023,0.0038,0.0636,11825
2019-11-30,"Clovis, NM","NM",509,855.95,0.0043,-0.0337,-0.0632,4834
2019-11-30,"Norfolk, NE","NE",510,955.36,0.0123,0.0724,-0.0287,17171
2019-11-30,"Washington, NC","NC",511,1058.14,-0.0079,-0.008,-0.021,19138
2019-11-30,"Freeport, IL","IL",512,672.28,0.0283,0.0565,-0.0041,12568
2019-11-30,"Starkville, MS","MS",513,891.54,-0.0223,-0.0228,0.0403,2600
2019-11-30,"Burlington, IA","IA",514,849.01,-0.0111,-0.0208,-0.0403,18097
2019-11-30,"Ardmore, OK","OK",515,825.73,0.0006,-0.0383,0.024,17214
2019-11-30,"Kendallville, IN","IN",516,950.52,0.0029,0.0169,0.0422,16302
2019-11-30,"Nogales, AZ","AZ",517,885.66,-0.0025,-0.0953,-0.2144,15734
2019-11-30,"Oxford, MS","MS",518,1222.38,-0.0119,-0.0357,-0.0874,7042
2019-11-30,"Gardnerville Ranchos, NV","NV",519,1901.6,0.0052,0.0398,0.0181,23482
2019-11-30,"Madisonville, KY","KY",520,808.93,0.0133,0.0228,0.0219,15251
2019-11-30,"Ruston, LA","LA",521,943.35,-0.0146,-0.0247,0.0076,12589
2019-11-30,"Hillsdale, MI","MI",522,817.42,-0.0059,-0.0171,-0.0987,12222
2019-11-30,"Lewistown, PA","PA",523,1006.42,0.0299,0.018,0.099,11249
2019-11-30,"Rockingham, NC","NC",524,946.75,0.0144,0.0199,0.0271,15294
2019-11-30,"Ponca City, OK","OK",525,669.79,-0.0164,-0.0721,-0.0947,16466
2019-11-30,"Red Wing, MN","MN",526,1068.34,0.0108,-0.068,-0.1138,2865
2019-11-30,"Shawano, WI","WI",527,1028.32,0.0248,0.0606,0.0919,4090
2019-11-30,"Cedar City, UT","UT",528,1077.22,-0.0017,0.038,0.0001,5718
2019-11-30,"Bedford, IN","IN",529,906.35,-0.0145,-0.0414,0.0079,18252
2019-11-30,"Gillette, WY","WY",530,1018.48,-0.019,-0.0126,-0.1178,13031
2019-11-30,"Newport, OR","OR",531,1554.47,0.0255,0.0496,0.0726,25707
2019-11-30,"Wapakoneta, OH","OH",532,981.96,0.0121,0.0199,0.0536,15967
2019-11-30,"Huntingdon, PA","PA",533,976.12,0.0091,0.0222,0.005,13467
2019-11-30,"Bellefontaine, OH","OH",534,925.92,-0.0079,0.004,0.0148,17869
2019-11-30,"Moultrie, GA","GA",535,1021.23,0.0004,0.0118,0.0158,6724
2019-11-30,"Henderson, NC","NC",536,808.34,0.0123,0.0195,0.0199,13241
2019-11-30,"Harrison, AR","AR",537,859,-0.0044,0.0071,-0.0283,7402
2019-11-30,"Rolla, MO","MO",538,748.79,0.0168,0.048,0.0355,15464
2019-11-30,"Shelbyville, TN","TN",539,1142.63,0.0082,0.0448,0.0417,16849
2019-11-30,"Duncan, OK","OK",540,626.25,-0.0104,-0.0187,-0.0039,16960
2019-11-30,"Marion, NC","NC",541,1115.43,0.0051,-0.0111,-0.0122,11401
2019-11-30,"Lewisburg, PA","PA",542,1127.28,-0.0222,0.0245,-0.0333,13694
2019-11-30,"Pullman, WA","WA",543,1237.6,0.0048,0.0106,-0.0373,11825
2019-11-30,"Mount Sterling, KY","KY",544,903.65,0.0058,0.0225,0.031,8309
2019-11-30,"Ottumwa, IA","IA",545,808.92,0.0009,-0.0035,-0.0275,16318
2019-11-30,"Pahrump, NV","NV",546,1135.19,0.0077,0.0077,0.0601,11954
2019-11-30,"Menomonie, WI","WI",547,1036.19,0.016,0.0063,-0.013,2058
2019-11-30,"Selma, AL","AL",548,807.1,0.0101,0.0413,0.0069,12216
2019-11-30,"Rock Springs, WY","WY",549,936.06,-0.0243,0.0434,0.0248,12223
2019-11-30,"Bucyrus, OH","OH",550,826.04,0.0088,0.0288,0.0032,16479
2019-11-30,"Bradford, PA","PA",551,892.43,-0.0069,-0.0177,0.0283,13679
2019-11-30,"Bardstown, KY","KY",552,910.94,0.0023,0.011,-0.0005,16642
2019-11-30,"Burley, ID","ID",553,1028.39,-0.0007,0.0558,0.1086,12835
2019-11-30,"Greenwood, MS","MS",554,905.19,-0.0019,0.0266,0.0191,11458
2019-11-30,"Poplar Bluff, MO","MO",555,760.58,-0.0052,-0.0084,0.0338,16037
2019-11-30,"Muscatine, IA","IA",556,751.14,-0.0134,-0.0129,-0.0212,15344
2019-11-30,"Alma, MI","MI",557,853.94,0.0083,0.0322,0.0103,1352
2019-11-30,"Durant, OK","OK",558,876.3,0.0109,-0.0001,-0.0223,10720
2019-11-30,"Seymour, IN","IN",559,1007.65,-0.0053,0.0093,0.028,15081
2019-11-30,"Douglas, GA","GA",560,979.18,-0.0096,0.0097,-0.0298,9752
2019-11-30,"Auburn, IN","IN",561,940.88,0.0138,0.0507,0.0446,14857
2019-11-30,"Sedalia, MO","MO",562,778.49,-0.007,0,0.1165,17745
2019-11-30,"Paragould, AR","AR",563,704.35,-0.0223,-0.0321,-0.0662,7012
2019-11-30,"Wilmington, OH","OH",564,967.32,-0.0093,0.0114,0.0108,12483
2019-11-30,"Lawrenceburg, TN","TN",565,979.75,0.0033,0.0131,0.0409,14550
2019-11-30,"Warren, PA","PA",566,924.15,0.0218,0.0346,0.0694,14743
2019-11-30,"El Dorado, AR","AR",567,778.08,-0.0095,0.0171,-0.0395,13120
2019-11-30,"Alexander City, AL","AL",568,954.07,0.0044,0.0153,-0.0515,19186
2019-11-30,"Mountain Home, AR","AR",569,933.16,0.0019,0.0814,-0.0094,4796
2019-11-30,"Cedartown, GA","GA",570,1145.94,-0.018,0.004,-0.0004,14539
2019-11-30,"Port Clinton, OH","OH",571,1169.17,-0.0059,0.0146,0.0091,23902
2019-11-30,"El Campo, TX","TX",572,1185.62,0.0034,-0.0295,-0.0953,12904
2019-11-30,"Ellensburg, WA","WA",573,1392.5,-0.0174,-0.048,0.0167,18045
2019-11-30,"Jacksonville, IL","IL",574,932.17,-0.002,0.0155,0.0263,5410
2019-11-30,"Sandpoint, ID","ID",575,1398.34,-0.0144,-0.0279,0.0832,24081
2019-11-30,"Celina, OH","OH",576,1037.06,-0.0019,-0.0077,0.1035,14266
2019-11-30,"Garden City, KS","KS",577,934.44,-0.0007,0.0065,0.0471,11299
2019-11-30,"Marshalltown, IA","IA",578,845.99,0.0094,0.0187,-0.0179,13973
2019-11-30,"West Plains, MO","MO",579,839.03,0.01,0.0157,-0.0082,3712
2019-11-30,"Cullowhee, NC","NC",580,1017.19,-0.0128,-0.0826,0.011,13727
2019-11-30,"Espa±ola, NM","NM",581,1150.97,-0.0214,-0.0126,-0.0342,1494
2019-11-30,"Tifton, GA","GA",582,791.27,0.0015,-0.0227,-0.088,12824
2019-11-30,"Urbana, OH","OH",583,977.95,-0.0126,-0.0084,-0.0039,14724
2019-11-30,"Cambridge, OH","OH",584,847.52,0.0242,0.005,-0.0474,10875
2019-11-30,"Centralia, IL","IL",585,897.72,-0.0224,0.0041,-0.0441,1395
2019-11-30,"Berlin, NH","NH",586,1310.82,-0.0139,0.0027,0.0827,19640
2019-11-30,"Lock Haven, PA","PA",587,929.65,0.0074,0.021,0.0223,14044
2019-11-30,"Sikeston, MO","MO",588,782.18,-0.0132,-0.009,-0.0027,9513
2019-11-30,"Austin, MN","MN",589,778.78,-0.0038,-0.0002,-0.0505,15734
2019-11-30,"Clewiston, FL","FL",590,1357.83,0.0042,0.0137,-0.0685,7924
2019-11-30,"Pittsburg, KS","KS",591,708.49,-0.0112,0.028,0.0021,13894
2019-11-30,"Defiance, OH","OH",592,936.31,-0.0036,0.0003,0.0352,14581
2019-11-30,"Scottsbluff, NE","NE",593,953.57,0.019,0.0348,-0.002,14463
2019-11-30,"Logansport, IN","IN",594,841.25,0.0041,-0.0062,0.001,13644
2019-11-30,"Pontiac, IL","IL",595,1112.7,0.003,0.0456,0.1028,12509
2019-11-30,"Hannibal, MO","MO",596,831.41,-0.0076,0.0219,-0.0211,15350
2019-11-30,"Mount Vernon, IL","IL",597,1003.78,-0.0102,0.0153,0.0011,1441
2019-11-30,"Houghton, MI","MI",598,978.14,0.019,-0.0018,-0.0669,2807
2019-11-30,"Union City, TN","TN",599,877.81,0.002,0.0386,0.067,12835
2019-11-30,"Sault Ste. Marie, MI","MI",600,871.44,-0.0182,0.0172,0.0168,1733
2019-11-30,"Vincennes, IN","IN",601,875.09,-0.0024,-0.0003,0.0436,13379
2019-11-30,"Gainesville, TX","TX",602,1308.41,0.0075,-0.0169,-0.0287,12613
2019-11-30,"Kill Devil Hills, NC","NC",603,1518.83,0.0282,0.0423,0.133,43456
2019-11-30,"Atmore, AL","AL",604,916.61,0.0196,0.0459,0.0412,11637
2019-11-30,"Brownwood, TX","TX",605,954.17,0.0069,-0.0372,-0.1502,6235
2019-11-30,"Fort Dodge, IA","IA",606,730.11,0.0041,0.0447,0.0661,14821
2019-11-30,"Stephenville, TX","TX",607,1069.96,-0.019,-0.0311,0.0028,12262
2019-11-30,"Americus, GA","GA",608,1007.13,-0.0083,0.0083,0.0203,10796
2019-11-30,"Easton, MD","MD",609,1625.72,0.0007,-0.0028,0.0267,16854
2019-11-30,"Newberry, SC","SC",610,1144.35,-0.0286,-0.0128,0.064,5415
2019-11-30,"Ada, OK","OK",611,772.05,-0.0042,-0.0319,-0.0129,12621
2019-11-30,"Moscow, ID","ID",612,946.29,-0.0247,0.0407,0.0035,1134
2019-11-30,"Murray, KY","KY",613,908.8,-0.003,-0.0089,0.0321,4861
2019-11-30,"Huntington, IN","IN",614,841.32,-0.0076,-0.0162,-0.0263,14490
2019-11-30,"Mayfield, KY","KY",615,848.75,-0.0029,0.0075,0.021,8303
2019-11-30,"Escanaba, MI","MI",616,949.91,0.0058,-0.0032,-0.0432,6674
2019-11-30,"Corinth, MS","MS",617,926.75,0.0084,0.0043,0.082,10787
2019-11-30,"Astoria, OR","OR",618,1521.69,0.0032,0.0392,-0.0117,20353
2019-11-30,"Peru, IN","IN",619,826.17,-0.0012,0.0035,-0.017,12364
2019-11-30,"Coshocton, OH","OH",620,886.14,-0.0126,-0.0021,-0.0262,13642
2019-11-30,"Logan, WV","WV",621,766.46,-0.0099,0.0114,-0.017,10220
2019-11-30,"Bay City, TX","TX",622,1203.86,-0.011,0.0353,-0.0178,12915
2019-11-30,"Batesville, AR","AR",623,815.86,0.0282,0.0623,-0.0552,5503
2019-11-30,"Owatonna, MN","MN",624,1164.42,0.0148,-0.0037,0.0449,13559
2019-11-30,"Vidalia, GA","GA",625,1022.12,0.0114,0.0527,-0.0126,11010
2019-11-30,"Arkansas City-Winfield, KS","KS",626,790.45,-0.0124,0.0182,0.04,13167
2019-11-30,"Laramie, WY","WY",627,1087.84,0.028,0.0692,0.0709,12117
2019-11-30,"Plainview, TX","TX",628,1148.62,-0.0109,0.0024,0.0255,2789
2019-11-30,"Big Spring, TX","TX",629,1172.64,-0.0187,-0.0034,-0.0082,12937
2019-11-30,"Dixon, IL","IL",630,730.8,-0.0068,-0.0257,-0.0448,13525
2019-11-30,"Alexandria, MN","MN",631,970.05,-0.0259,-0.0876,-0.0871,16162
2019-11-30,"Newport, TN","TN",632,941.87,-0.0293,-0.0034,0.0216,12465
2019-11-30,"Coffeyville, KS","KS",633,783.53,0.009,0.0471,-0.0052,13821
2019-11-30,"Seneca Falls, NY","NY",634,1187.75,0.0212,0.0086,-0.1201,11473
2019-11-30,"Sulphur Springs, TX","TX",635,1279.27,0.0093,0.005,-0.0129,22510
2019-11-30,"Arcadia, FL","FL",636,1341.71,-0.009,-0.0014,-0.0542,7331
2019-11-30,"Junction City, KS","KS",637,837.04,0.0072,0.0011,-0.0545,10534
2019-11-30,"Effingham, IL","IL",638,1090.01,-0.0232,0.0131,0.0847,11991
2019-11-30,"Valley, AL","AL",639,846.05,0,0.0111,-0.0057,13246
2019-11-30,"Butte, MT","MT",640,925.05,0.0006,0.0153,-0.0031,13241
2019-11-30,"Dodge City, KS","KS",641,851.58,0.0124,0.017,0.0377,9408
2019-11-30,"Emporia, KS","KS",642,724.03,0.0056,0.0007,0.054,11987
2019-11-30,"Pella, IA","IA",643,921.44,-0.0064,-0.0251,-0.0672,12707
2019-11-30,"Jackson, OH","OH",644,915.28,-0.0134,-0.0011,0.0189,10689
2019-11-30,"Brevard, NC","NC",645,1345.64,0.0084,0.0205,0.0201,18733
2019-11-30,"Taos, NM","NM",646,1223.57,-0.0027,-0.0142,-0.0118,3072
2019-11-30,"Malvern, AR","AR",647,827.64,0.0137,0.0464,0.0435,11008
2019-11-30,"Troy, AL","AL",648,893.35,0.0127,0.0402,0.0103,8248
2019-11-30,"Wabash, IN","IN",649,875.25,0.0092,0.0196,-0.0006,12099
2019-11-30,"Cambridge, MD","MD",650,1401.85,0.0249,0.0404,0.0127,13763
2019-11-30,"Macomb, IL","IL",651,720.31,0.0131,0.0393,-0.0293,8512
2019-11-30,"Kingsville, TX","TX",652,1042.13,0.0104,-0.004,-0.1315,8894
2019-11-30,"Madison, IN","IN",653,916,-0.017,-0.0084,0.0304,11753
2019-11-30,"Mount Pleasant, TX","TX",654,1285.67,0.006,0.0019,0.0016,9060
2019-11-30,"Paris, TN","TN",655,936.93,0.0142,0.012,0.0177,11732
2019-11-30,"Columbus, NE","NE",656,945.16,-0.0095,-0.0238,-0.1071,11521
2019-11-30,"Kennett, MO","MO",657,756.27,-0.0027,-0.0163,-0.0578,11162
2019-11-30,"Beeville, TX","TX",658,1293.9,0.0034,0.0119,0.009,2301
2019-11-30,"Miami, OK","OK",659,787.41,-0.0214,-0.0173,0.0005,10085
2019-11-30,"Dayton, TN","TN",660,1011.1,0.0165,0.0219,0.0338,10964
2019-11-30,"Washington, IN","IN",661,973.59,0.0047,0.0089,0.0866,10946
2019-11-30,"Hope, AR","AR",662,795.64,-0.0047,0.0244,-0.004,10617
2019-11-30,"Central City, KY","KY",663,796.72,-0.0209,0.0063,0.0011,5265
2019-11-30,"Camden, AR","AR",664,778.73,-0.0157,0.032,-0.0252,10266
2019-11-30,"Hastings, NE","NE",665,933.89,-0.0054,-0.0077,0.0138,11924
2019-11-30,"Lewisburg, TN","TN",666,1140.75,0.0043,0.0038,-0.0148,11984
2019-11-30,"Iron Mountain, MI","MI",667,923.95,-0.0001,0.0081,-0.0226,10647
2019-11-30,"Lincoln, IL","IL",668,901.15,-0.0134,-0.0158,-0.0676,1042
2019-11-30,"Jesup, GA","GA",669,959.31,0.0145,0.0158,0.0004,8310
2019-11-30,"Kirksville, MO","MO",670,736.32,0.0057,0.0306,-0.0841,9571
2019-11-30,"Eufaula, AL","AL",671,919.77,0.0177,0.0281,0.0405,6929
2019-11-30,"Alpena, MI","MI",672,854.35,0.0017,0.0062,-0.0309,1688
2019-11-30,"Silver City, NM","NM",673,846.82,0.0078,0.0234,0.0662,6529
2019-11-30,"Indianola, MS","MS",674,832.53,0.0245,0.0381,-0.0162,7089
2019-11-30,"Elkins, WV","WV",675,852.6,0.005,0.0171,-0.035,11503
2019-11-30,"Las Vegas, NM","NM",676,1186.57,0.0212,0.0224,0.0237,1476
2019-11-30,"McPherson, KS","KS",677,919.81,-0.0067,-0.0073,-0.013,11122
2019-11-30,"Sheridan, WY","WY",678,1117.6,0.0057,0.0116,0.0884,14398
2019-11-30,"Washington Court House, OH","OH",679,933.59,-0.0053,-0.0109,0.0078,10995
2019-11-30,"Van Wert, OH","OH",680,934.06,-0.005,-0.0045,0.0636,7948
2019-11-30,"Ludington, MI","MI",681,885.89,0.0279,-0.0263,-0.0776,1839
2019-11-30,"Middlesborough, KY","KY",682,837.71,-0.013,0.0116,0.0131,4398
2019-11-30,"North Vernon, IN","IN",683,917.2,-0.0188,-0.0115,-0.0046,8753
2019-11-30,"Hays, KS","KS",684,871.03,0.0084,-0.0197,0.0136,10930
2019-11-30,"Forrest City, AR","AR",685,699,-0.0287,-0.0073,-0.0478,6191
2019-11-30,"Mineral Wells, TX","TX",686,1196.77,0.0115,0.0202,-0.0383,11384
2019-11-30,"Breckenridge, CO","CO",687,2722.83,0.0269,0.0467,0.0794,39221
2019-11-30,"Bastrop, LA","LA",688,912.76,-0.0255,-0.0753,-0.1489,7433
2019-11-30,"Bainbridge, GA","GA",689,1103.94,-0.0024,0.0175,0.0932,9669
2019-11-30,"Wauchula, FL","FL",690,1298.95,-0.0143,-0.0098,-0.0555,5584
2019-11-30,"Hailey, ID","ID",691,1429.33,0.0053,0.0403,0.077,17078
2019-11-30,"Great Bend, KS","KS",692,712.34,0.0167,0.0428,-0.0038,11144
2019-11-30,"Watertown, SD","SD",693,986.3,-0.0111,0.021,0.0504,10256
2019-11-30,"Thomaston, GA","GA",694,1043.3,0.0217,0.0777,0.0932,9684
2019-11-30,"Mountain Home, ID","ID",695,1007.4,-0.0145,-0.0427,0.0391,9667
2019-11-30,"Uvalde, TX","TX",696,1217.56,-0.0017,-0.0077,0,7485
2019-11-30,"Lexington, NE","NE",697,908.78,-0.0117,-0.022,-0.089,8600
2019-11-30,"Boone, IA","IA",698,777.58,0.0183,0.038,0.011,10526
2019-11-30,"Toccoa, GA","GA",699,1058.11,0.0047,-0.0174,-0.0182,11048
2019-11-30,"Summerville, GA","GA",700,1019.11,-0.0064,0.0229,0.0641,8283
2019-11-30,"Ottawa, KS","KS",701,889.57,-0.0177,-0.0248,-0.034,10019
2019-11-30,"New Ulm, MN","MN",702,1234.22,-0.0009,-0.0037,0.025,9706
2019-11-30,"Mexico, MO","MO",703,784.38,-0.0257,-0.0142,-0.0196,9755
2019-11-30,"Moberly, MO","MO",704,866.01,-0.0044,0.0433,-0.0218,8818
2019-11-30,"Deming, NM","NM",705,865.13,0.0253,0.0378,0.0019,1482
2019-11-30,"Fallon, NV","NV",706,1445.59,0.0095,0.0134,0.015,6567
2019-11-30,"Magnolia, AR","AR",707,845.79,0.0159,0.0704,-0.0451,6154
2019-11-30,"Campbellsville, KY","KY",708,895.59,0.0074,0.0105,-0.0011,4538
2019-11-30,"Connersville, IN","IN",709,787.79,-0.0101,0.0024,0.0047,9224
2019-11-30,"Dickinson, ND","ND",710,1074.47,-0.0036,0.0095,0.1053,10139
2019-11-30,"Spearfish, SD","SD",711,965.77,0.007,0.0492,0.002,12794
2019-11-30,"Heber, UT","UT",712,2259.72,0.0089,0.039,-0.0521,17164
2019-11-30,"Steamboat Springs, CO","CO",713,2501.23,-0.0262,-0.0136,-0.0348,17463
2019-11-30,"Cordele, GA","GA",714,979.04,-0.0065,0.0352,-0.0151,6786
2019-11-30,"Marshall, MO","MO",715,817.68,-0.015,0.0076,-0.0397,1555
2019-11-30,"Arkadelphia, AR","AR",716,850.54,-0.0061,0.0274,-0.0155,1750
2019-11-30,"Liberal, KS","KS",717,780.19,-0.0026,-0.017,0.0044,5568
2019-11-30,"Levelland, TX","TX",718,1423.33,0.0089,0.0151,0.0518,1500
2019-11-30,"Wahpeton, ND","ND",719,699,0.0018,0.0343,-0.043,4692
2019-11-30,"Mitchell, SD","SD",720,865.6,0.0128,0.0167,-0.0521,7905
2019-11-30,"Pampa, TX","TX",721,1065.36,-0.0239,-0.0024,0.0089,8871
2019-11-30,"Williston, ND","ND",722,1324.33,0.0017,0.0018,-0.0148,3032
2019-11-30,"Oskaloosa, IA","IA",723,858.74,0.0014,-0.0087,-0.0276,8511
2019-11-30,"Brookings, OR","OR",724,1498.99,0.023,0.0534,0.005,6868
2019-11-30,"Hood River, OR","OR",725,1699.08,0.0013,0.0104,0.0109,5920
2019-11-30,"Beatrice, NE","NE",726,892.73,-0.017,-0.0388,-0.0648,8207
2019-11-30,"Borger, TX","TX",727,982.66,-0.0217,-0.0289,-0.1078,2918
2019-11-30,"Raymondville, TX","TX",728,1124.12,0.0123,0.0306,-0.0284,3931
2019-11-30,"Elk City, OK","OK",729,835.68,-0.0295,-0.0459,-0.047,6941
2019-11-30,"Parsons, KS","KS",730,765.4,0.014,0.0449,0.0269,9493
2019-11-30,"Price, UT","UT",731,1122.58,0.0234,0.0368,0.0701,7784
2019-11-30,"Port Lavaca, TX","TX",732,1269.03,-0.0015,0.0101,0.004,8910
2019-11-30,"Pierre, SD","SD",733,959.52,-0.0002,0.0686,-0.0407,6050
2019-11-30,"Evanston, WY","WY",734,958.21,-0.0096,0.0133,-0.1015,6101
2019-11-30,"Fairmont, MN","MN",735,1086.2,0.0149,0.0056,-0.0827,8521
2019-11-30,"Carroll, IA","IA",736,919.13,0.0058,0.023,0.0039,8732
2019-11-30,"Guymon, OK","OK",737,874.07,-0.0167,-0.009,0.0004,4278
2019-11-30,"Storm Lake, IA","IA",738,859.71,0.0005,0.0135,-0.0126,8007
2019-11-30,"Portales, NM","NM",739,661.54,0.0038,-0.0023,-0.0834,4307
2019-11-30,"Hereford, TX","TX",740,1192.71,0.0061,0.0142,-0.0222,1112
2019-11-30,"Brownsville, TN","TN",741,891.78,-0.0104,0.021,0.0233,6368
2019-11-30,"Othello, WA","WA",742,1391.44,0.0166,0.0431,0.0279,3343
2019-11-30,"Los Alamos, NM","NM",743,1322.24,-0.0027,0.0135,0.0295,8114
2019-11-30,"Fitzgerald, GA","GA",744,968.77,-0.0126,0.0015,-0.0254,5454
2019-11-30,"Maysville, KY","KY",745,917.81,0.0076,0.0453,0.0566,5194
2019-11-30,"Huron, SD","SD",746,898.13,0.0024,0.0239,0.0005,5143
2019-11-30,"Atchison, KS","KS",747,827.9,-0.0064,-0.0136,-0.046,6666
2019-11-30,"Snyder, TX","TX",748,1277.8,0.0025,0.0019,0.0093,5552
2019-11-30,"Fairfield, IA","IA",749,811.78,-0.0005,-0.0051,-0.0557,6759
2019-11-30,"Spencer, IA","IA",750,861.49,-0.0083,0.0114,-0.0297,7107
2019-11-30,"Vineyard Haven, MA","MA",751,3955.09,-0.023,-0.0633,0.2355,13718
2019-11-30,"Winnemucca, NV","NV",752,1319.99,0.0044,0.0178,0.0218,3517
2019-11-30,"Sweetwater, TX","TX",753,1148.7,-0.0021,0.0297,0.013,2865
2019-11-30,"Andrews, TX","TX",754,1359.5,-0.0039,0.0201,0.0141,5796
2019-11-30,"Zapata, TX","TX",755,1034.74,-0.0081,0.0328,-0.0091,3502
2019-11-30,"Lamesa, TX","TX",756,1164.46,-0.0036,-0.0039,-0.0658,3227
2019-11-30,"Craig, CO","CO",757,1658.38,0.0004,0.0044,0.015,4808
2019-11-30,"Ketchikan, AK","AK",758,1504.02,-0.0053,-0.0002,0.0026,4586
